timestamp, index, name, memory.used [MiB], utilization.gpu [%], utilization.memory [%], power.draw [W], clocks.current.sm [MHz], clocks.current.memory [MHz]
2026/10/03 11:01:00.023, 7, NVIDIA RTX A5000, 4 MiB, 0 %, 0 %, 17.85 W, 210 MHz, 405 MHz
2026/10/03 11:01:00.230, 7, NVIDIA RTX A5000, 4 MiB, 0 %, 0 %, 17.85 W, 210 MHz, 405 MHz
2026/10/03 11:01:00.431, 7, NVIDIA RTX A5000, 4 MiB, 0 %, 0 %, 17.57 W, 210 MHz, 405 MHz
2026/10/03 11:01:00.631, 7, NVIDIA RTX A5000, 4 MiB, 0 %, 0 %, 17.57 W, 210 MHz, 405 MHz
2026/10/03 11:01:00.831, 7, NVIDIA RTX A5000, 4 MiB, 0 %, 0 %, 17.57 W, 210 MHz, 405 MHz
2026/10/03 11:01:01.032, 7, NVIDIA RTX A5000, 4 MiB, 0 %, 0 %, 17.57 W, 210 MHz, 405 MHz
2026/10/03 11:01:01.232, 7, NVIDIA RTX A5000, 4 MiB, 0 %, 0 %, 17.57 W, 210 MHz, 405 MHz
2026/10/03 11:01:01.432, 7, NVIDIA RTX A5000, 4 MiB, 0 %, 0 %, 17.51 W, 210 MHz, 405 MHz
2026/10/03 11:01:01.633, 7, NVIDIA RTX A5000, 4 MiB, 0 %, 0 %, 17.51 W, 210 MHz, 405 MHz
2026/10/03 11:01:01.833, 7, NVIDIA RTX A5000, 4 MiB, 0 %, 0 %, 17.51 W, 210 MHz, 405 MHz
2026/10/03 11:01:02.033, 7, NVIDIA RTX A5000, 4 MiB, 0 %, 0 %, 17.51 W, 210 MHz, 405 MHz
2026/10/03 11:01:02.234, 7, NVIDIA RTX A5000, 4 MiB, 0 %, 0 %, 17.51 W, 210 MHz, 405 MHz
2026/10/03 11:01:02.434, 7, NVIDIA RTX A5000, 4 MiB, 0 %, 0 %, 17.62 W, 210 MHz, 405 MHz
2026/10/03 11:01:02.634, 7, NVIDIA RTX A5000, 4 MiB, 0 %, 0 %, 17.62 W, 210 MHz, 405 MHz
2026/10/03 11:01:02.835, 7, NVIDIA RTX A5000, 4 MiB, 0 %, 0 %, 17.62 W, 210 MHz, 405 MHz
2026/10/03 11:01:03.035, 7, NVIDIA RTX A5000, 4 MiB, 0 %, 0 %, 17.62 W, 210 MHz, 405 MHz
2026/10/03 11:01:03.235, 7, NVIDIA RTX A5000, 4 MiB, 0 %, 0 %, 17.62 W, 210 MHz, 405 MHz
2026/10/03 11:01:03.436, 7, NVIDIA RTX A5000, 4 MiB, 0 %, 0 %, 17.59 W, 210 MHz, 405 MHz
2026/10/03 11:01:03.636, 7, NVIDIA RTX A5000, 4 MiB, 0 %, 0 %, 17.59 W, 210 MHz, 405 MHz
2026/10/03 11:01:03.837, 7, NVIDIA RTX A5000, 4 MiB, 0 %, 0 %, 17.59 W, 210 MHz, 405 MHz
2026/10/03 11:01:04.037, 7, NVIDIA RTX A5000, 4 MiB, 0 %, 0 %, 17.59 W, 210 MHz, 405 MHz
2026/10/03 11:01:04.237, 7, NVIDIA RTX A5000, 4 MiB, 0 %, 0 %, 17.59 W, 210 MHz, 405 MHz
2026/10/03 11:01:04.438, 7, NVIDIA RTX A5000, 4 MiB, 0 %, 0 %, 17.59 W, 210 MHz, 405 MHz
2026/10/03 11:01:04.638, 7, NVIDIA RTX A5000, 4 MiB, 0 %, 0 %, 17.59 W, 210 MHz, 405 MHz
2026/10/03 11:01:04.838, 7, NVIDIA RTX A5000, 4 MiB, 0 %, 0 %, 17.59 W, 210 MHz, 405 MHz
2026/10/03 11:01:05.039, 7, NVIDIA RTX A5000, 4 MiB, 0 %, 0 %, 17.59 W, 210 MHz, 405 MHz
2026/10/03 11:01:05.239, 7, NVIDIA RTX A5000, 4 MiB, 0 %, 0 %, 17.59 W, 210 MHz, 405 MHz
2026/10/03 11:01:05.439, 7, NVIDIA RTX A5000, 4 MiB, 0 %, 0 %, 17.69 W, 210 MHz, 405 MHz
2026/10/03 11:01:05.640, 7, NVIDIA RTX A5000, 4 MiB, 0 %, 0 %, 17.69 W, 210 MHz, 405 MHz
2026/10/03 11:01:05.840, 7, NVIDIA RTX A5000, 4 MiB, 0 %, 0 %, 17.69 W, 210 MHz, 405 MHz
2026/10/03 11:01:06.040, 7, NVIDIA RTX A5000, 4 MiB, 0 %, 0 %, 17.69 W, 210 MHz, 405 MHz
2026/10/03 11:01:06.241, 7, NVIDIA RTX A5000, 4 MiB, 0 %, 0 %, 17.69 W, 210 MHz, 405 MHz
2026/10/03 11:01:06.441, 7, NVIDIA RTX A5000, 4 MiB, 0 %, 0 %, 17.55 W, 210 MHz, 405 MHz
2026/10/03 11:01:06.642, 7, NVIDIA RTX A5000, 4 MiB, 0 %, 0 %, 17.55 W, 210 MHz, 405 MHz
2026/10/03 11:01:06.842, 7, NVIDIA RTX A5000, 4 MiB, 0 %, 0 %, 17.55 W, 210 MHz, 405 MHz
2026/10/03 11:01:07.042, 7, NVIDIA RTX A5000, 4 MiB, 0 %, 0 %, 17.55 W, 210 MHz, 405 MHz
2026/10/03 11:01:07.243, 7, NVIDIA RTX A5000, 4 MiB, 0 %, 0 %, 17.55 W, 210 MHz, 405 MHz
2026/10/03 11:01:07.443, 7, NVIDIA RTX A5000, 4 MiB, 0 %, 0 %, 17.58 W, 210 MHz, 405 MHz
2026/10/03 11:01:07.643, 7, NVIDIA RTX A5000, 4 MiB, 0 %, 0 %, 17.58 W, 210 MHz, 405 MHz
2026/10/03 11:01:07.844, 7, NVIDIA RTX A5000, 4 MiB, 0 %, 0 %, 17.58 W, 210 MHz, 405 MHz
2026/10/03 11:01:08.044, 7, NVIDIA RTX A5000, 4 MiB, 0 %, 0 %, 17.58 W, 210 MHz, 405 MHz
2026/10/03 11:01:08.245, 7, NVIDIA RTX A5000, 4 MiB, 0 %, 0 %, 17.58 W, 210 MHz, 405 MHz
2026/10/03 11:01:08.445, 7, NVIDIA RTX A5000, 4 MiB, 0 %, 0 %, 17.69 W, 210 MHz, 405 MHz
2026/10/03 11:01:08.645, 7, NVIDIA RTX A5000, 4 MiB, 0 %, 0 %, 17.69 W, 210 MHz, 405 MHz
2026/10/03 11:01:08.846, 7, NVIDIA RTX A5000, 4 MiB, 0 %, 0 %, 17.69 W, 210 MHz, 405 MHz
2026/10/03 11:01:09.046, 7, NVIDIA RTX A5000, 4 MiB, 0 %, 0 %, 17.69 W, 210 MHz, 405 MHz
2026/10/03 11:01:09.246, 7, NVIDIA RTX A5000, 4 MiB, 0 %, 0 %, 17.69 W, 210 MHz, 405 MHz
2026/10/03 11:01:09.447, 7, NVIDIA RTX A5000, 4 MiB, 0 %, 0 %, 17.57 W, 210 MHz, 405 MHz
2026/10/03 11:01:09.647, 7, NVIDIA RTX A5000, 4 MiB, 0 %, 0 %, 17.57 W, 210 MHz, 405 MHz
2026/10/03 11:01:09.847, 7, NVIDIA RTX A5000, 4 MiB, 0 %, 0 %, 17.57 W, 210 MHz, 405 MHz
2026/10/03 11:01:10.047, 7, NVIDIA RTX A5000, 4 MiB, 0 %, 0 %, 17.57 W, 210 MHz, 405 MHz
2026/10/03 11:01:10.248, 7, NVIDIA RTX A5000, 4 MiB, 0 %, 0 %, 17.57 W, 210 MHz, 405 MHz
2026/10/03 11:01:10.448, 7, NVIDIA RTX A5000, 4 MiB, 0 %, 0 %, 17.56 W, 210 MHz, 405 MHz
2026/10/03 11:01:10.649, 7, NVIDIA RTX A5000, 4 MiB, 0 %, 0 %, 17.56 W, 210 MHz, 405 MHz
2026/10/03 11:01:10.849, 7, NVIDIA RTX A5000, 4 MiB, 0 %, 0 %, 17.56 W, 210 MHz, 405 MHz
2026/10/03 11:01:11.049, 7, NVIDIA RTX A5000, 4 MiB, 0 %, 0 %, 17.56 W, 210 MHz, 405 MHz
2026/10/03 11:01:11.250, 7, NVIDIA RTX A5000, 4 MiB, 0 %, 0 %, 17.56 W, 210 MHz, 405 MHz
2026/10/03 11:01:11.450, 7, NVIDIA RTX A5000, 4 MiB, 0 %, 0 %, 17.67 W, 210 MHz, 405 MHz
2026/10/03 11:01:11.651, 7, NVIDIA RTX A5000, 4 MiB, 0 %, 0 %, 17.67 W, 210 MHz, 405 MHz
2026/10/03 11:01:11.851, 7, NVIDIA RTX A5000, 4 MiB, 0 %, 0 %, 17.67 W, 210 MHz, 405 MHz
2026/10/03 11:01:12.051, 7, NVIDIA RTX A5000, 4 MiB, 0 %, 0 %, 17.67 W, 210 MHz, 405 MHz
2026/10/03 11:01:12.251, 7, NVIDIA RTX A5000, 4 MiB, 0 %, 0 %, 17.67 W, 210 MHz, 405 MHz
2026/10/03 11:01:12.452, 7, NVIDIA RTX A5000, 4 MiB, 0 %, 0 %, 17.58 W, 210 MHz, 405 MHz
2026/10/03 11:01:12.652, 7, NVIDIA RTX A5000, 4 MiB, 0 %, 0 %, 17.58 W, 210 MHz, 405 MHz
2026/10/03 11:01:12.852, 7, NVIDIA RTX A5000, 4 MiB, 0 %, 0 %, 17.58 W, 210 MHz, 405 MHz
2026/10/03 11:01:13.052, 7, NVIDIA RTX A5000, 4 MiB, 0 %, 0 %, 17.58 W, 210 MHz, 405 MHz
2026/10/03 11:01:13.253, 7, NVIDIA RTX A5000, 4 MiB, 0 %, 0 %, 17.58 W, 210 MHz, 405 MHz
2026/10/03 11:01:13.453, 7, NVIDIA RTX A5000, 4 MiB, 0 %, 0 %, 17.60 W, 210 MHz, 405 MHz
2026/10/03 11:01:13.653, 7, NVIDIA RTX A5000, 4 MiB, 0 %, 0 %, 17.60 W, 210 MHz, 405 MHz
2026/10/03 11:01:13.853, 7, NVIDIA RTX A5000, 4 MiB, 0 %, 0 %, 17.60 W, 210 MHz, 405 MHz
2026/10/03 11:01:14.054, 7, NVIDIA RTX A5000, 4 MiB, 0 %, 0 %, 17.60 W, 210 MHz, 405 MHz
2026/10/03 11:01:14.254, 7, NVIDIA RTX A5000, 4 MiB, 0 %, 0 %, 17.60 W, 210 MHz, 405 MHz
2026/10/03 11:01:14.454, 7, NVIDIA RTX A5000, 4 MiB, 0 %, 0 %, 17.73 W, 210 MHz, 405 MHz
2026/10/03 11:01:14.655, 7, NVIDIA RTX A5000, 4 MiB, 0 %, 0 %, 17.73 W, 210 MHz, 405 MHz
2026/10/03 11:01:14.855, 7, NVIDIA RTX A5000, 4 MiB, 0 %, 0 %, 17.73 W, 210 MHz, 405 MHz
2026/10/03 11:01:15.055, 7, NVIDIA RTX A5000, 4 MiB, 0 %, 0 %, 17.73 W, 210 MHz, 405 MHz
2026/10/03 11:01:15.255, 7, NVIDIA RTX A5000, 4 MiB, 0 %, 0 %, 17.73 W, 210 MHz, 405 MHz
2026/10/03 11:01:15.456, 7, NVIDIA RTX A5000, 4 MiB, 0 %, 0 %, 17.61 W, 210 MHz, 405 MHz
2026/10/03 11:01:15.659, 7, NVIDIA RTX A5000, 19 MiB, 0 %, 0 %, 17.61 W, 210 MHz, 405 MHz
2026/10/03 11:01:15.860, 7, NVIDIA RTX A5000, 555 MiB, 0 %, 0 %, 17.61 W, 210 MHz, 405 MHz
2026/10/03 11:01:16.060, 7, NVIDIA RTX A5000, 977 MiB, 17 %, 0 %, 24.83 W, 1695 MHz, 7601 MHz
2026/10/03 11:01:16.260, 7, NVIDIA RTX A5000, 1503 MiB, 17 %, 0 %, 24.83 W, 1695 MHz, 7601 MHz
2026/10/03 11:01:16.461, 7, NVIDIA RTX A5000, 1503 MiB, 9 %, 0 %, 36.34 W, 1695 MHz, 7601 MHz
2026/10/03 11:01:16.661, 7, NVIDIA RTX A5000, 1503 MiB, 9 %, 0 %, 36.34 W, 1695 MHz, 7601 MHz
2026/10/03 11:01:16.862, 7, NVIDIA RTX A5000, 1503 MiB, 9 %, 0 %, 36.34 W, 1695 MHz, 7601 MHz
2026/10/03 11:01:17.062, 7, NVIDIA RTX A5000, 1503 MiB, 0 %, 0 %, 70.39 W, 1695 MHz, 7601 MHz
2026/10/03 11:01:17.262, 7, NVIDIA RTX A5000, 1503 MiB, 0 %, 0 %, 70.39 W, 1695 MHz, 7601 MHz
2026/10/03 11:01:17.463, 7, NVIDIA RTX A5000, 1503 MiB, 0 %, 0 %, 70.08 W, 1695 MHz, 7601 MHz
2026/10/03 11:01:17.663, 7, NVIDIA RTX A5000, 1503 MiB, 0 %, 0 %, 70.08 W, 1695 MHz, 7601 MHz
2026/10/03 11:01:17.864, 7, NVIDIA RTX A5000, 1503 MiB, 0 %, 0 %, 70.08 W, 1695 MHz, 7601 MHz
2026/10/03 11:01:18.064, 7, NVIDIA RTX A5000, 1503 MiB, 0 %, 0 %, 70.08 W, 1695 MHz, 7601 MHz
2026/10/03 11:01:18.264, 7, NVIDIA RTX A5000, 1503 MiB, 0 %, 0 %, 70.08 W, 1695 MHz, 7601 MHz
2026/10/03 11:01:18.465, 7, NVIDIA RTX A5000, 1503 MiB, 0 %, 0 %, 70.08 W, 1695 MHz, 7601 MHz
2026/10/03 11:01:18.665, 7, NVIDIA RTX A5000, 1503 MiB, 0 %, 0 %, 70.08 W, 1695 MHz, 7601 MHz
2026/10/03 11:01:18.866, 7, NVIDIA RTX A5000, 1503 MiB, 0 %, 0 %, 70.08 W, 1695 MHz, 7601 MHz
2026/10/03 11:01:19.066, 7, NVIDIA RTX A5000, 1503 MiB, 0 %, 0 %, 70.08 W, 1695 MHz, 7601 MHz
2026/10/03 11:01:19.266, 7, NVIDIA RTX A5000, 1503 MiB, 0 %, 0 %, 70.08 W, 1695 MHz, 7601 MHz
2026/10/03 11:01:19.467, 7, NVIDIA RTX A5000, 1503 MiB, 0 %, 0 %, 70.21 W, 1695 MHz, 7601 MHz
2026/10/03 11:01:19.667, 7, NVIDIA RTX A5000, 1503 MiB, 0 %, 0 %, 70.21 W, 1695 MHz, 7601 MHz
2026/10/03 11:01:19.867, 7, NVIDIA RTX A5000, 1503 MiB, 0 %, 0 %, 70.21 W, 1695 MHz, 7601 MHz
2026/10/03 11:01:20.068, 7, NVIDIA RTX A5000, 1503 MiB, 0 %, 0 %, 70.21 W, 1695 MHz, 7601 MHz
2026/10/03 11:01:20.268, 7, NVIDIA RTX A5000, 1503 MiB, 0 %, 0 %, 70.21 W, 1695 MHz, 7601 MHz
2026/10/03 11:01:20.468, 7, NVIDIA RTX A5000, 1503 MiB, 0 %, 0 %, 70.48 W, 1695 MHz, 7601 MHz
2026/10/03 11:01:20.669, 7, NVIDIA RTX A5000, 1503 MiB, 0 %, 0 %, 70.48 W, 1695 MHz, 7601 MHz
2026/10/03 11:01:20.869, 7, NVIDIA RTX A5000, 1503 MiB, 0 %, 0 %, 70.48 W, 1695 MHz, 7601 MHz
2026/10/03 11:01:21.070, 7, NVIDIA RTX A5000, 1503 MiB, 0 %, 0 %, 70.48 W, 1695 MHz, 7601 MHz
2026/10/03 11:01:21.270, 7, NVIDIA RTX A5000, 1503 MiB, 0 %, 0 %, 70.48 W, 1695 MHz, 7601 MHz
2026/10/03 11:01:21.470, 7, NVIDIA RTX A5000, 1503 MiB, 0 %, 0 %, 70.56 W, 1695 MHz, 7601 MHz
2026/10/03 11:01:21.671, 7, NVIDIA RTX A5000, 1503 MiB, 0 %, 0 %, 70.56 W, 1695 MHz, 7601 MHz
2026/10/03 11:01:21.871, 7, NVIDIA RTX A5000, 1503 MiB, 0 %, 0 %, 70.56 W, 1695 MHz, 7601 MHz
2026/10/03 11:01:22.072, 7, NVIDIA RTX A5000, 1503 MiB, 0 %, 0 %, 70.56 W, 1695 MHz, 7601 MHz
2026/10/03 11:01:22.272, 7, NVIDIA RTX A5000, 1503 MiB, 0 %, 0 %, 70.56 W, 1695 MHz, 7601 MHz
2026/10/03 11:01:22.472, 7, NVIDIA RTX A5000, 1503 MiB, 0 %, 0 %, 70.62 W, 1695 MHz, 7601 MHz
2026/10/03 11:01:22.673, 7, NVIDIA RTX A5000, 1503 MiB, 0 %, 0 %, 70.62 W, 1695 MHz, 7601 MHz
2026/10/03 11:01:22.873, 7, NVIDIA RTX A5000, 1503 MiB, 0 %, 0 %, 70.62 W, 1695 MHz, 7601 MHz
2026/10/03 11:01:23.074, 7, NVIDIA RTX A5000, 1503 MiB, 0 %, 0 %, 70.62 W, 1695 MHz, 7601 MHz
2026/10/03 11:01:23.274, 7, NVIDIA RTX A5000, 1503 MiB, 0 %, 0 %, 70.62 W, 1695 MHz, 7601 MHz
2026/10/03 11:01:23.474, 7, NVIDIA RTX A5000, 1503 MiB, 0 %, 0 %, 70.77 W, 1695 MHz, 7601 MHz
2026/10/03 11:01:23.674, 7, NVIDIA RTX A5000, 1503 MiB, 0 %, 0 %, 70.77 W, 1695 MHz, 7601 MHz
2026/10/03 11:01:23.875, 7, NVIDIA RTX A5000, 1503 MiB, 0 %, 0 %, 70.77 W, 1695 MHz, 7601 MHz
2026/10/03 11:01:24.075, 7, NVIDIA RTX A5000, 1503 MiB, 0 %, 0 %, 70.77 W, 1695 MHz, 7601 MHz
2026/10/03 11:01:24.275, 7, NVIDIA RTX A5000, 1503 MiB, 0 %, 0 %, 70.77 W, 1695 MHz, 7601 MHz
2026/10/03 11:01:24.475, 7, NVIDIA RTX A5000, 1503 MiB, 0 %, 0 %, 70.87 W, 1695 MHz, 7601 MHz
2026/10/03 11:01:24.676, 7, NVIDIA RTX A5000, 1503 MiB, 0 %, 0 %, 70.87 W, 1695 MHz, 7601 MHz
2026/10/03 11:01:24.876, 7, NVIDIA RTX A5000, 1503 MiB, 0 %, 0 %, 70.87 W, 1695 MHz, 7601 MHz
2026/10/03 11:01:25.076, 7, NVIDIA RTX A5000, 1503 MiB, 0 %, 0 %, 70.87 W, 1695 MHz, 7601 MHz
2026/10/03 11:01:25.277, 7, NVIDIA RTX A5000, 1503 MiB, 0 %, 0 %, 70.87 W, 1695 MHz, 7601 MHz
2026/10/03 11:01:25.477, 7, NVIDIA RTX A5000, 1503 MiB, 0 %, 0 %, 71.02 W, 1695 MHz, 7601 MHz
2026/10/03 11:01:25.677, 7, NVIDIA RTX A5000, 1503 MiB, 0 %, 0 %, 71.02 W, 1695 MHz, 7601 MHz
2026/10/03 11:01:25.878, 7, NVIDIA RTX A5000, 1503 MiB, 0 %, 0 %, 71.02 W, 1695 MHz, 7601 MHz
2026/10/03 11:01:26.078, 7, NVIDIA RTX A5000, 1503 MiB, 0 %, 0 %, 71.02 W, 1695 MHz, 7601 MHz
2026/10/03 11:01:26.278, 7, NVIDIA RTX A5000, 1503 MiB, 0 %, 0 %, 71.02 W, 1695 MHz, 7601 MHz
2026/10/03 11:01:26.479, 7, NVIDIA RTX A5000, 1503 MiB, 0 %, 0 %, 71.20 W, 1695 MHz, 7601 MHz
2026/10/03 11:01:26.679, 7, NVIDIA RTX A5000, 1503 MiB, 0 %, 0 %, 71.20 W, 1695 MHz, 7601 MHz
2026/10/03 11:01:26.880, 7, NVIDIA RTX A5000, 1503 MiB, 0 %, 0 %, 71.38 W, 1695 MHz, 7601 MHz
2026/10/03 11:01:27.080, 7, NVIDIA RTX A5000, 1503 MiB, 0 %, 0 %, 71.38 W, 1695 MHz, 7601 MHz
2026/10/03 11:01:27.281, 7, NVIDIA RTX A5000, 1503 MiB, 0 %, 0 %, 71.38 W, 1695 MHz, 7601 MHz
2026/10/03 11:01:27.481, 7, NVIDIA RTX A5000, 1503 MiB, 0 %, 0 %, 71.54 W, 1695 MHz, 7601 MHz
2026/10/03 11:01:27.681, 7, NVIDIA RTX A5000, 1503 MiB, 0 %, 0 %, 71.54 W, 1695 MHz, 7601 MHz
2026/10/03 11:01:27.881, 7, NVIDIA RTX A5000, 1503 MiB, 0 %, 0 %, 71.55 W, 1695 MHz, 7601 MHz
2026/10/03 11:01:28.082, 7, NVIDIA RTX A5000, 1503 MiB, 0 %, 0 %, 71.55 W, 1695 MHz, 7601 MHz
2026/10/03 11:01:28.282, 7, NVIDIA RTX A5000, 1503 MiB, 0 %, 0 %, 71.55 W, 1695 MHz, 7601 MHz
2026/10/03 11:01:28.482, 7, NVIDIA RTX A5000, 1503 MiB, 0 %, 0 %, 71.55 W, 1695 MHz, 7601 MHz
2026/10/03 11:01:28.682, 7, NVIDIA RTX A5000, 1503 MiB, 0 %, 0 %, 71.55 W, 1695 MHz, 7601 MHz
2026/10/03 11:01:28.882, 7, NVIDIA RTX A5000, 1503 MiB, 0 %, 0 %, 71.43 W, 1695 MHz, 7601 MHz
2026/10/03 11:01:29.083, 7, NVIDIA RTX A5000, 1503 MiB, 0 %, 0 %, 71.43 W, 1695 MHz, 7601 MHz
2026/10/03 11:01:29.283, 7, NVIDIA RTX A5000, 1503 MiB, 0 %, 0 %, 71.43 W, 1695 MHz, 7601 MHz
2026/10/03 11:01:29.483, 7, NVIDIA RTX A5000, 1503 MiB, 0 %, 0 %, 71.43 W, 1695 MHz, 7601 MHz
2026/10/03 11:01:29.683, 7, NVIDIA RTX A5000, 1503 MiB, 0 %, 0 %, 71.43 W, 1695 MHz, 7601 MHz
2026/10/03 11:01:29.883, 7, NVIDIA RTX A5000, 1503 MiB, 0 %, 0 %, 71.52 W, 1695 MHz, 7601 MHz
2026/10/03 11:01:30.084, 7, NVIDIA RTX A5000, 1503 MiB, 0 %, 0 %, 71.52 W, 1695 MHz, 7601 MHz
2026/10/03 11:01:30.284, 7, NVIDIA RTX A5000, 1741 MiB, 0 %, 0 %, 71.52 W, 1695 MHz, 7601 MHz
2026/10/03 11:01:30.484, 7, NVIDIA RTX A5000, 1865 MiB, 1 %, 1 %, 71.77 W, 1695 MHz, 7601 MHz
2026/10/03 11:01:30.685, 7, NVIDIA RTX A5000, 2593 MiB, 1 %, 1 %, 71.77 W, 1695 MHz, 7601 MHz
2026/10/03 11:01:30.885, 7, NVIDIA RTX A5000, 2873 MiB, 44 %, 32 %, 84.11 W, 1695 MHz, 7601 MHz
2026/10/03 11:01:31.085, 7, NVIDIA RTX A5000, 2891 MiB, 44 %, 32 %, 84.11 W, 1695 MHz, 7601 MHz
2026/10/03 11:01:31.286, 7, NVIDIA RTX A5000, 2891 MiB, 44 %, 32 %, 84.11 W, 1695 MHz, 7601 MHz
2026/10/03 11:01:31.486, 7, NVIDIA RTX A5000, 2891 MiB, 4 %, 2 %, 86.56 W, 1695 MHz, 7601 MHz
2026/10/03 11:01:31.686, 7, NVIDIA RTX A5000, 2947 MiB, 4 %, 2 %, 86.56 W, 1695 MHz, 7601 MHz
2026/10/03 11:01:31.886, 7, NVIDIA RTX A5000, 3941 MiB, 100 %, 84 %, 100.30 W, 1605 MHz, 7601 MHz
2026/10/03 11:01:32.087, 7, NVIDIA RTX A5000, 3981 MiB, 100 %, 84 %, 100.30 W, 1605 MHz, 7601 MHz
2026/10/03 11:01:32.287, 7, NVIDIA RTX A5000, 6637 MiB, 100 %, 84 %, 100.30 W, 1605 MHz, 7601 MHz
2026/10/03 11:01:32.488, 7, NVIDIA RTX A5000, 6763 MiB, 95 %, 72 %, 137.46 W, 1815 MHz, 7601 MHz
2026/10/03 11:01:32.688, 7, NVIDIA RTX A5000, 6767 MiB, 95 %, 72 %, 137.46 W, 1815 MHz, 7601 MHz
2026/10/03 11:01:32.888, 7, NVIDIA RTX A5000, 6767 MiB, 93 %, 67 %, 193.59 W, 1845 MHz, 7601 MHz
2026/10/03 11:01:33.089, 7, NVIDIA RTX A5000, 6769 MiB, 93 %, 67 %, 193.59 W, 1845 MHz, 7601 MHz
2026/10/03 11:01:33.289, 7, NVIDIA RTX A5000, 6769 MiB, 93 %, 67 %, 193.59 W, 1845 MHz, 7601 MHz
2026/10/03 11:01:33.489, 7, NVIDIA RTX A5000, 6769 MiB, 87 %, 60 %, 212.51 W, 1875 MHz, 7601 MHz
2026/10/03 11:01:33.690, 7, NVIDIA RTX A5000, 6769 MiB, 87 %, 60 %, 212.51 W, 1875 MHz, 7601 MHz
2026/10/03 11:01:33.890, 7, NVIDIA RTX A5000, 6769 MiB, 0 %, 0 %, 195.16 W, 1890 MHz, 7601 MHz
2026/10/03 11:01:34.091, 7, NVIDIA RTX A5000, 8141 MiB, 0 %, 0 %, 195.16 W, 1890 MHz, 7601 MHz
2026/10/03 11:01:34.291, 7, NVIDIA RTX A5000, 8405 MiB, 0 %, 0 %, 195.16 W, 1890 MHz, 7601 MHz
2026/10/03 11:01:34.491, 7, NVIDIA RTX A5000, 8405 MiB, 63 %, 41 %, 177.88 W, 1575 MHz, 7601 MHz
2026/10/03 11:01:34.691, 7, NVIDIA RTX A5000, 8405 MiB, 63 %, 41 %, 177.88 W, 1575 MHz, 7601 MHz
2026/10/03 11:01:34.892, 7, NVIDIA RTX A5000, 8405 MiB, 96 %, 94 %, 191.65 W, 1560 MHz, 7601 MHz
2026/10/03 11:01:35.092, 7, NVIDIA RTX A5000, 8405 MiB, 96 %, 94 %, 191.65 W, 1560 MHz, 7601 MHz
2026/10/03 11:01:35.292, 7, NVIDIA RTX A5000, 8405 MiB, 96 %, 94 %, 191.65 W, 1560 MHz, 7601 MHz
2026/10/03 11:01:35.493, 7, NVIDIA RTX A5000, 8405 MiB, 100 %, 83 %, 223.00 W, 1545 MHz, 7601 MHz
2026/10/03 11:01:35.693, 7, NVIDIA RTX A5000, 8405 MiB, 100 %, 83 %, 223.00 W, 1545 MHz, 7601 MHz
2026/10/03 11:01:35.893, 7, NVIDIA RTX A5000, 8405 MiB, 97 %, 73 %, 221.22 W, 1815 MHz, 7601 MHz
2026/10/03 11:01:36.094, 7, NVIDIA RTX A5000, 8405 MiB, 97 %, 73 %, 221.22 W, 1815 MHz, 7601 MHz
2026/10/03 11:01:36.294, 7, NVIDIA RTX A5000, 8405 MiB, 97 %, 73 %, 221.22 W, 1815 MHz, 7601 MHz
2026/10/03 11:01:36.494, 7, NVIDIA RTX A5000, 8405 MiB, 100 %, 83 %, 223.87 W, 1530 MHz, 7601 MHz
2026/10/03 11:01:36.695, 7, NVIDIA RTX A5000, 8405 MiB, 100 %, 83 %, 223.87 W, 1530 MHz, 7601 MHz
2026/10/03 11:01:36.895, 7, NVIDIA RTX A5000, 8405 MiB, 100 %, 85 %, 220.08 W, 1575 MHz, 7601 MHz
2026/10/03 11:01:37.096, 7, NVIDIA RTX A5000, 8405 MiB, 100 %, 85 %, 220.08 W, 1575 MHz, 7601 MHz
2026/10/03 11:01:37.296, 7, NVIDIA RTX A5000, 8417 MiB, 100 %, 85 %, 220.08 W, 1575 MHz, 7601 MHz
2026/10/03 11:01:37.496, 7, NVIDIA RTX A5000, 8417 MiB, 7 %, 7 %, 211.90 W, 1575 MHz, 7601 MHz
2026/10/03 11:01:37.696, 7, NVIDIA RTX A5000, 8417 MiB, 7 %, 7 %, 211.90 W, 1575 MHz, 7601 MHz
2026/10/03 11:01:37.897, 7, NVIDIA RTX A5000, 8417 MiB, 100 %, 83 %, 206.12 W, 1530 MHz, 7601 MHz
2026/10/03 11:01:38.097, 7, NVIDIA RTX A5000, 8417 MiB, 100 %, 83 %, 206.12 W, 1530 MHz, 7601 MHz
2026/10/03 11:01:38.297, 7, NVIDIA RTX A5000, 8417 MiB, 100 %, 83 %, 206.12 W, 1530 MHz, 7601 MHz
2026/10/03 11:01:38.498, 7, NVIDIA RTX A5000, 8417 MiB, 16 %, 19 %, 192.17 W, 1875 MHz, 7601 MHz
2026/10/03 11:01:38.698, 7, NVIDIA RTX A5000, 8417 MiB, 16 %, 19 %, 192.17 W, 1875 MHz, 7601 MHz
2026/10/03 11:01:38.898, 7, NVIDIA RTX A5000, 8417 MiB, 0 %, 0 %, 159.96 W, 1875 MHz, 7601 MHz
2026/10/03 11:01:39.098, 7, NVIDIA RTX A5000, 8417 MiB, 0 %, 0 %, 159.96 W, 1875 MHz, 7601 MHz
2026/10/03 11:01:39.299, 7, NVIDIA RTX A5000, 8417 MiB, 0 %, 0 %, 159.96 W, 1875 MHz, 7601 MHz
2026/10/03 11:01:39.499, 7, NVIDIA RTX A5000, 8417 MiB, 0 %, 0 %, 100.24 W, 1875 MHz, 7601 MHz
2026/10/03 11:01:39.699, 7, NVIDIA RTX A5000, 8417 MiB, 0 %, 0 %, 100.24 W, 1875 MHz, 7601 MHz
2026/10/03 11:01:39.899, 7, NVIDIA RTX A5000, 8417 MiB, 0 %, 0 %, 100.24 W, 1875 MHz, 7601 MHz
2026/10/03 11:01:40.100, 7, NVIDIA RTX A5000, 8417 MiB, 0 %, 0 %, 100.24 W, 1875 MHz, 7601 MHz
2026/10/03 11:01:40.300, 7, NVIDIA RTX A5000, 8417 MiB, 0 %, 0 %, 100.24 W, 1875 MHz, 7601 MHz
2026/10/03 11:01:40.500, 7, NVIDIA RTX A5000, 8417 MiB, 0 %, 0 %, 93.04 W, 1875 MHz, 7601 MHz
2026/10/03 11:01:40.701, 7, NVIDIA RTX A5000, 8417 MiB, 0 %, 0 %, 93.04 W, 1875 MHz, 7601 MHz
2026/10/03 11:01:40.901, 7, NVIDIA RTX A5000, 8417 MiB, 0 %, 0 %, 93.04 W, 1695 MHz, 7601 MHz
2026/10/03 11:01:41.101, 7, NVIDIA RTX A5000, 8417 MiB, 0 %, 0 %, 93.04 W, 1695 MHz, 7601 MHz
2026/10/03 11:01:41.302, 7, NVIDIA RTX A5000, 8417 MiB, 0 %, 0 %, 93.04 W, 1695 MHz, 7601 MHz
2026/10/03 11:01:41.502, 7, NVIDIA RTX A5000, 8417 MiB, 0 %, 0 %, 84.09 W, 1695 MHz, 7601 MHz
2026/10/03 11:01:41.702, 7, NVIDIA RTX A5000, 8417 MiB, 0 %, 0 %, 84.09 W, 1695 MHz, 7601 MHz
2026/10/03 11:01:41.903, 7, NVIDIA RTX A5000, 8417 MiB, 0 %, 0 %, 84.09 W, 1695 MHz, 7601 MHz
2026/10/03 11:01:42.103, 7, NVIDIA RTX A5000, 8417 MiB, 0 %, 0 %, 84.09 W, 1695 MHz, 7601 MHz
2026/10/03 11:01:42.303, 7, NVIDIA RTX A5000, 8417 MiB, 0 %, 0 %, 84.09 W, 1695 MHz, 7601 MHz
2026/10/03 11:01:42.504, 7, NVIDIA RTX A5000, 8417 MiB, 0 %, 0 %, 75.66 W, 1695 MHz, 7601 MHz
2026/10/03 11:01:42.704, 7, NVIDIA RTX A5000, 8417 MiB, 0 %, 0 %, 75.66 W, 1695 MHz, 7601 MHz
2026/10/03 11:01:42.904, 7, NVIDIA RTX A5000, 8417 MiB, 0 %, 0 %, 75.66 W, 1695 MHz, 7601 MHz
2026/10/03 11:01:43.105, 7, NVIDIA RTX A5000, 8417 MiB, 0 %, 0 %, 75.66 W, 1695 MHz, 7601 MHz
2026/10/03 11:01:43.305, 7, NVIDIA RTX A5000, 8417 MiB, 0 %, 0 %, 75.66 W, 1695 MHz, 7601 MHz
2026/10/03 11:01:43.505, 7, NVIDIA RTX A5000, 8417 MiB, 0 %, 0 %, 75.65 W, 1695 MHz, 7601 MHz
2026/10/03 11:01:43.706, 7, NVIDIA RTX A5000, 8417 MiB, 0 %, 0 %, 75.65 W, 1695 MHz, 7601 MHz
2026/10/03 11:01:43.906, 7, NVIDIA RTX A5000, 8417 MiB, 0 %, 0 %, 75.65 W, 1695 MHz, 7601 MHz
2026/10/03 11:01:44.106, 7, NVIDIA RTX A5000, 8417 MiB, 0 %, 0 %, 75.65 W, 1695 MHz, 7601 MHz
2026/10/03 11:01:44.307, 7, NVIDIA RTX A5000, 8417 MiB, 0 %, 0 %, 75.65 W, 1695 MHz, 7601 MHz
2026/10/03 11:01:44.507, 7, NVIDIA RTX A5000, 8417 MiB, 0 %, 0 %, 75.68 W, 1695 MHz, 7601 MHz
2026/10/03 11:01:44.707, 7, NVIDIA RTX A5000, 8417 MiB, 0 %, 0 %, 75.68 W, 1695 MHz, 7601 MHz
2026/10/03 11:01:44.908, 7, NVIDIA RTX A5000, 8417 MiB, 0 %, 0 %, 75.68 W, 1695 MHz, 7601 MHz
2026/10/03 11:01:45.108, 7, NVIDIA RTX A5000, 8417 MiB, 0 %, 0 %, 75.68 W, 1695 MHz, 7601 MHz
2026/10/03 11:01:45.309, 7, NVIDIA RTX A5000, 8417 MiB, 0 %, 0 %, 75.68 W, 1695 MHz, 7601 MHz
2026/10/03 11:01:45.509, 7, NVIDIA RTX A5000, 8417 MiB, 0 %, 0 %, 75.66 W, 1695 MHz, 7601 MHz
2026/10/03 11:01:45.709, 7, NVIDIA RTX A5000, 8417 MiB, 0 %, 0 %, 75.66 W, 1695 MHz, 7601 MHz
2026/10/03 11:01:45.910, 7, NVIDIA RTX A5000, 8417 MiB, 0 %, 0 %, 75.66 W, 1695 MHz, 7601 MHz
2026/10/03 11:01:46.110, 7, NVIDIA RTX A5000, 8417 MiB, 0 %, 0 %, 75.66 W, 1695 MHz, 7601 MHz
2026/10/03 11:01:46.310, 7, NVIDIA RTX A5000, 8417 MiB, 0 %, 0 %, 75.66 W, 1695 MHz, 7601 MHz
2026/10/03 11:01:46.511, 7, NVIDIA RTX A5000, 8417 MiB, 0 %, 0 %, 75.57 W, 1695 MHz, 7601 MHz
2026/10/03 11:01:46.711, 7, NVIDIA RTX A5000, 8417 MiB, 0 %, 0 %, 75.57 W, 1695 MHz, 7601 MHz
2026/10/03 11:01:46.911, 7, NVIDIA RTX A5000, 8417 MiB, 0 %, 0 %, 75.57 W, 1695 MHz, 7601 MHz
2026/10/03 11:01:47.111, 7, NVIDIA RTX A5000, 8417 MiB, 0 %, 0 %, 75.57 W, 1695 MHz, 7601 MHz
2026/10/03 11:01:47.312, 7, NVIDIA RTX A5000, 8417 MiB, 0 %, 0 %, 75.57 W, 1695 MHz, 7601 MHz
2026/10/03 11:01:47.512, 7, NVIDIA RTX A5000, 8417 MiB, 0 %, 0 %, 75.43 W, 1695 MHz, 7601 MHz
2026/10/03 11:01:47.712, 7, NVIDIA RTX A5000, 8417 MiB, 0 %, 0 %, 75.43 W, 1695 MHz, 7601 MHz
2026/10/03 11:01:47.912, 7, NVIDIA RTX A5000, 8417 MiB, 0 %, 0 %, 75.43 W, 1695 MHz, 7601 MHz
2026/10/03 11:01:48.113, 7, NVIDIA RTX A5000, 8417 MiB, 0 %, 0 %, 75.43 W, 1695 MHz, 7601 MHz
2026/10/03 11:01:48.313, 7, NVIDIA RTX A5000, 8417 MiB, 0 %, 0 %, 75.43 W, 1695 MHz, 7601 MHz
2026/10/03 11:01:48.513, 7, NVIDIA RTX A5000, 8417 MiB, 0 %, 0 %, 75.42 W, 1695 MHz, 7601 MHz
2026/10/03 11:01:48.713, 7, NVIDIA RTX A5000, 8417 MiB, 0 %, 0 %, 75.42 W, 1695 MHz, 7601 MHz
2026/10/03 11:01:48.914, 7, NVIDIA RTX A5000, 8417 MiB, 0 %, 0 %, 75.42 W, 1695 MHz, 7601 MHz
2026/10/03 11:01:49.114, 7, NVIDIA RTX A5000, 8417 MiB, 0 %, 0 %, 75.42 W, 1695 MHz, 7601 MHz
2026/10/03 11:01:49.314, 7, NVIDIA RTX A5000, 10303 MiB, 0 %, 0 %, 75.42 W, 1695 MHz, 7601 MHz
2026/10/03 11:01:49.515, 7, NVIDIA RTX A5000, 10305 MiB, 66 %, 43 %, 80.67 W, 1545 MHz, 7601 MHz
2026/10/03 11:01:49.715, 7, NVIDIA RTX A5000, 10335 MiB, 66 %, 43 %, 80.67 W, 1545 MHz, 7601 MHz
2026/10/03 11:01:49.915, 7, NVIDIA RTX A5000, 11543 MiB, 64 %, 47 %, 129.37 W, 1575 MHz, 7601 MHz
2026/10/03 11:01:50.115, 7, NVIDIA RTX A5000, 11543 MiB, 64 %, 47 %, 129.37 W, 1575 MHz, 7601 MHz
2026/10/03 11:01:50.316, 7, NVIDIA RTX A5000, 11543 MiB, 64 %, 47 %, 129.37 W, 1575 MHz, 7601 MHz
2026/10/03 11:01:50.516, 7, NVIDIA RTX A5000, 11543 MiB, 100 %, 80 %, 220.06 W, 1560 MHz, 7601 MHz
2026/10/03 11:01:50.716, 7, NVIDIA RTX A5000, 11543 MiB, 100 %, 80 %, 220.06 W, 1560 MHz, 7601 MHz
2026/10/03 11:01:50.917, 7, NVIDIA RTX A5000, 11543 MiB, 97 %, 92 %, 226.06 W, 1515 MHz, 7601 MHz
2026/10/03 11:01:51.117, 7, NVIDIA RTX A5000, 11543 MiB, 97 %, 92 %, 226.06 W, 1515 MHz, 7601 MHz
2026/10/03 11:01:51.318, 7, NVIDIA RTX A5000, 11543 MiB, 97 %, 92 %, 226.06 W, 1515 MHz, 7601 MHz
2026/10/03 11:01:51.518, 7, NVIDIA RTX A5000, 11543 MiB, 82 %, 57 %, 221.96 W, 1545 MHz, 7601 MHz
2026/10/03 11:01:51.718, 7, NVIDIA RTX A5000, 11543 MiB, 82 %, 57 %, 221.96 W, 1545 MHz, 7601 MHz
2026/10/03 11:01:51.919, 7, NVIDIA RTX A5000, 11543 MiB, 100 %, 79 %, 223.96 W, 1530 MHz, 7601 MHz
2026/10/03 11:01:52.119, 7, NVIDIA RTX A5000, 11543 MiB, 100 %, 79 %, 223.96 W, 1530 MHz, 7601 MHz
2026/10/03 11:01:52.319, 7, NVIDIA RTX A5000, 11543 MiB, 100 %, 79 %, 223.96 W, 1530 MHz, 7601 MHz
2026/10/03 11:01:52.520, 7, NVIDIA RTX A5000, 11543 MiB, 97 %, 94 %, 226.26 W, 1530 MHz, 7601 MHz
2026/10/03 11:01:52.720, 7, NVIDIA RTX A5000, 11543 MiB, 97 %, 94 %, 226.26 W, 1530 MHz, 7601 MHz
2026/10/03 11:01:52.920, 7, NVIDIA RTX A5000, 11543 MiB, 83 %, 54 %, 222.72 W, 1515 MHz, 7601 MHz
2026/10/03 11:01:53.120, 7, NVIDIA RTX A5000, 11543 MiB, 83 %, 54 %, 222.72 W, 1515 MHz, 7601 MHz
2026/10/03 11:01:53.321, 7, NVIDIA RTX A5000, 11543 MiB, 83 %, 54 %, 222.72 W, 1515 MHz, 7601 MHz
2026/10/03 11:01:53.521, 7, NVIDIA RTX A5000, 11543 MiB, 100 %, 82 %, 223.13 W, 1530 MHz, 7601 MHz
2026/10/03 11:01:53.722, 7, NVIDIA RTX A5000, 11543 MiB, 100 %, 82 %, 223.13 W, 1530 MHz, 7601 MHz
2026/10/03 11:01:53.922, 7, NVIDIA RTX A5000, 11543 MiB, 97 %, 98 %, 223.99 W, 1515 MHz, 7601 MHz
2026/10/03 11:01:54.122, 7, NVIDIA RTX A5000, 11543 MiB, 97 %, 98 %, 223.99 W, 1515 MHz, 7601 MHz
2026/10/03 11:01:54.323, 7, NVIDIA RTX A5000, 11543 MiB, 97 %, 98 %, 223.99 W, 1515 MHz, 7601 MHz
2026/10/03 11:01:54.523, 7, NVIDIA RTX A5000, 11543 MiB, 82 %, 55 %, 221.57 W, 1665 MHz, 7601 MHz
2026/10/03 11:01:54.723, 7, NVIDIA RTX A5000, 11543 MiB, 82 %, 55 %, 221.57 W, 1665 MHz, 7601 MHz
2026/10/03 11:01:54.924, 7, NVIDIA RTX A5000, 11543 MiB, 100 %, 83 %, 223.42 W, 1500 MHz, 7601 MHz
2026/10/03 11:01:55.124, 7, NVIDIA RTX A5000, 11543 MiB, 100 %, 83 %, 223.42 W, 1500 MHz, 7601 MHz
2026/10/03 11:01:55.324, 7, NVIDIA RTX A5000, 11543 MiB, 100 %, 83 %, 223.42 W, 1500 MHz, 7601 MHz
2026/10/03 11:01:55.525, 7, NVIDIA RTX A5000, 6935 MiB, 100 %, 97 %, 224.79 W, 1800 MHz, 7601 MHz
2026/10/03 11:01:55.725, 7, NVIDIA RTX A5000, 6935 MiB, 100 %, 97 %, 224.79 W, 1800 MHz, 7601 MHz
2026/10/03 11:01:55.925, 7, NVIDIA RTX A5000, 6935 MiB, 0 %, 0 %, 169.13 W, 1875 MHz, 7601 MHz
2026/10/03 11:01:56.126, 7, NVIDIA RTX A5000, 6935 MiB, 0 %, 0 %, 169.13 W, 1875 MHz, 7601 MHz
2026/10/03 11:01:56.326, 7, NVIDIA RTX A5000, 6935 MiB, 0 %, 0 %, 169.13 W, 1875 MHz, 7601 MHz
2026/10/03 11:01:56.526, 7, NVIDIA RTX A5000, 6935 MiB, 0 %, 0 %, 114.03 W, 1875 MHz, 7601 MHz
2026/10/03 11:01:56.726, 7, NVIDIA RTX A5000, 4 MiB, 0 %, 0 %, 114.03 W, 1875 MHz, 7601 MHz
